{
  "analysis_id": "analysis_20260319_072447",
  "timestamp": "2026-03-19T07:24:47.957304",
  "statistics": {
    "total_packets": 279,
    "total_bytes": 124753,
    "start_time": 1773883487.740753,
    "end_time": 1773883487.8607059,
    "unique_ips": [
      "104.208.16.89",
      "4.213.25.240",
      "192.168.0.100",
      "192.168.0.103",
      "18.97.36.23",
      "172.253.118.188",
      "192.168.0.102",
      "192.168.0.255",
      "40.79.173.41",
      "52.175.140.176",
      "224.0.0.251",
      "52.123.128.14",
      "192.168.0.104",
      "fe80::44bf:a4ff:fe66:a68d",
      "52.104.49.55",
      "4.213.25.242",
      "192.168.0.1",
      "192.168.0.111",
      "8.8.4.4",
      "103.60.172.20",
      "192.168.0.108",
      "142.250.182.68",
      "ff02::fb",
      "98.70.192.224",
      "140.82.114.26",
      "192.168.0.107",
      "142.251.223.234",
      "8.8.8.8",
      "192.168.0.109",
      "142.251.221.99",
      "172.67.75.33",
      "224.0.0.1",
      "13.67.9.5",
      "150.171.28.12",
      "54.192.151.5",
      "192.168.0.101",
      "150.171.27.10",
      "192.168.0.113",
      "13.107.137.11"
    ],
    "unique_domains": [
      "vscode-sync.trafficmanager.net.",
      "_googlecast._tcp.local.",
      "mobile.events.data.microsoft.com."
    ],
    "protocol_counts": {
      "TCP": 185,
      "ARP": 20,
      "UDP": 63,
      "DNS": 10,
      "IP-2": 1
    },
    "port_counts": {},
    "packet_sizes": [
      55,
      78,
      82,
      54,
      1324,
      1324,
      190,
      1281,
      54,
      54,
      66,
      66,
      66,
      54,
      574,
      54,
      54,
      42,
      66,
      54,
      574,
      54,
      54,
      1324,
      1324,
      1324,
      1324,
      1324,
      1324,
      597,
      54,
      212,
      1324,
      1324,
      1324,
      54,
      1324,
      54,
      1324,
      1324,
      1324,
      597,
      66,
      54,
      212,
      396,
      1324,
      1324,
      195,
      1324,
      1052,
      396,
      66,
      54,
      54,
      396,
      1324,
      1324,
      195,
      396,
      66,
      1324,
      722,
      54,
      54,
      55,
      54,
      54,
      55,
      66,
      1324,
      1324,
      54,
      1324,
      426,
      66,
      426,
      66,
      1324,
      1324,
      1324,
      66,
      54,
      434,
      42,
      42,
      54,
      1324,
      1324,
      428,
      54,
      1324,
      1324,
      220,
      54,
      54,
      1324,
      1324,
      54,
      1324,
      1253,
      54,
      1324,
      1324,
      1217,
      54,
      255,
      255,
      1288,
      1292,
      1288,
      744,
      70,
      67,
      71,
      604,
      65,
      77,
      573,
      65,
      78,
      1292,
      1292,
      1292,
      122,
      74,
      880,
      75,
      261,
      77,
      82,
      82,
      1292,
      1292,
      65,
      1292,
      322,
      120,
      1288,
      1292,
      1288,
      859,
      1008,
      67,
      66,
      162,
      74,
      71,
      74,
      1278,
      189,
      77,
      66,
      42,
      42,
      1324,
      1324,
      198,
      1324,
      1324,
      86,
      54,
      54,
      54,
      1324,
      1324,
      431,
      54,
      1324,
      1324,
      223,
      54,
      42,
      42,
      54,
      1324,
      1324,
      1324,
      1324,
      1241,
      66,
      54,
      42,
      42,
      1190,
      1324,
      475,
      54,
      54,
      54,
      507,
      507,
      507,
      66,
      66,
      42,
      152,
      172,
      42,
      293,
      54,
      172,
      54,
      55,
      66,
      90,
      90,
      888,
      281,
      341,
      451,
      54,
      42,
      92,
      92,
      168,
      93,
      1324,
      1238,
      218,
      279,
      54,
      54,
      93,
      93,
      66,
      148,
      89,
      54,
      167,
      1324,
      1142,
      54,
      54,
      153,
      54,
      42,
      42,
      42,
      54,
      54,
      54,
      54,
      148,
      148,
      70,
      157,
      64,
      77,
      74,
      72,
      64,
      67,
      63,
      75,
      75,
      42,
      55,
      42,
      42,
      54,
      54,
      96,
      227,
      227,
      54,
      66,
      54,
      42,
      370,
      55,
      71,
      66,
      55,
      66,
      42,
      42,
      55,
      66
    ],