{
  "analysis_id": "analysis_20260319_074612",
  "timestamp": "2026-03-19T07:46:12.198025",
  "statistics": {
    "total_packets": 346,
    "total_bytes": 142718,
    "start_time": 1773884772.1471283,
    "end_time": 1773884772.1953862,
    "unique_ips": [
      "18.97.36.46",
      "224.0.0.252",
      "192.168.0.100",
      "13.89.179.10",
      "239.255.255.250",
      "ff02::fb",
      "140.82.113.26",
      "192.168.0.108",
      "52.168.117.168",
      "13.35.20.67",
      "8.8.4.4",
      "8.8.8.8",
      "104.208.16.89",
      "13.107.137.11",
      "52.104.49.55",
      "20.44.229.112",
      "35.190.80.1",
      "192.168.0.105",
      "fe80::c0d5:a3ff:fe77:c108",
      "20.50.80.214",
      "192.168.0.107",
      "192.168.0.103",
      "192.168.0.1",
      "54.192.151.53",
      "160.79.104.10",
      "13.67.9.5",
      "192.168.0.104",
      "142.250.206.46",
      "192.168.0.106",
      "fe80::c43:d5ec:c75c:7716",
      "192.168.0.111",
      "140.82.112.21",
      "142.251.157.119",
      "192.168.0.101",
      "142.250.206.14",
      "4.213.25.240",
      "192.168.0.113",
      "224.0.0.1",
      "192.168.0.109",
      "224.0.0.251",
      "192.168.0.255"
    ],
    "unique_domains": [
      "_companion-link._tcp.local.",
      "_googlecast._tcp.local.",
      "vscode-sync.trafficmanager.net.",
      "mobile.events.data.microsoft.com."
    ],
    "protocol_counts": {
      "IP-2": 6,
      "TCP": 226,
      "ARP": 18,
      "UDP": 79,
      "DNS": 17
    },
    "port_counts": {},
    "packet_sizes": [
      46,
      46,
      1324,
      1324,
      190,
      1281,
      66,
      66,
      66,
      66,
      1324,
      54,
      66,
      55,
      66,
      54,
      574,
      66,
      54,
      54,
      66,
      54,
      574,
      1324,
      1324,
      1324,
      54,
      1324,
      1324,
      54,
      1324,
      597,
      54,
      212,
      54,
      54,
      396,
      396,
      66,
      1324,
      1324,
      1324,
      195,
      1324,
      1052,
      1324,
      54,
      1324,
      1324,
      54,
      1324,
      1324,
      54,
      597,
      597,
      54,
      66,
      54,
      212,
      396,
      1324,
      1324,
      195,
      1324,
      722,
      54,
      54,
      54,
      54,
      93,
      54,
      54,
      54,
      54,
      1324,
      1324,
      431,
      54,
      292,
      54,
      172,
      1324,
      1324,
      428,
      54,
      428,
      66,
      54,
      42,
      1324,
      1324,
      434,
      54,
      46,
      1324,
      1324,
      223,
      54,
      54,
      1324,
      1324,
      54,
      1324,
      1324,
      1324,
      1324,
      1324,
      66,
      54,
      1146,
      1146,
      66,
      1324,
      1324,
      195,
      1324,
      1324,
      86,
      54,
      54,
      54,
      256,
      252,
      70,
      620,
      64,
      77,
      571,
      64,
      77,
      1292,
      1292,
      1292,
      119,
      65,
      82,
      82,
      1292,
      73,
      1292,
      1292,
      322,
      994,
      1324,
      1324,
      436,
      436,
      66,
      67,
      1292,
      121,
      73,
      1288,
      1078,
      162,
      71,
      67,
      74,
      1324,
      1324,
      223,
      54,
      750,
      76,
      276,
      77,
      74,
      66,
      54,
      42,
      370,
      1324,
      1324,
      66,
      1324,
      54,
      1324,
      1241,
      54,
      54,
      54,
      54,
      77,
      75,
      93,
      54,
      54,
      54,
      54,
      488,
      54,
      54,
      508,
      313,
      325,
      321,
      379,
      377,
      381,
      373,
      55,
      66,
      42,
      103,
      123,
      42,
      42,
      54,
      42,
      54,
      54,
      42,
      78,
      78,
      66,
      82,
      100,
      54,
      120,
      42,
      120,
      193,
      54,
      42,
      42,
      42,
      167,
      252,
      252,
      70,
      621,
      64,
      573,
      64,
      77,
      77,
      66,
      65,
      75,
      65,
      66,
      54,
      1324,
      610,
      54,
      54,
      54,
      1324,
      1324,
      1324,
      54,
      808,
      54,
      118,
      146,
      441,
      54,
      672,
      85,
      85,
      85,
      66,
      290,
      93,
      89,
      1292,
      1292,
      228,
      494,
      54,
      54,
      82,
      1292,
      1292,
      1292,
      1292,
      419,
      81,
      207,
      626,
      163,
      73,
      66,
      71,
      139,
      93,
      89,
      67,
      54,
      90,
      90,
      888,
      329,
      275,
      451,
      54,
      92,
      92,
      168,
      93,
      1324,
      1238,
      54,
      54,
      217,
      257,
      1190,
      1324,
      466,
      54,
      71,
      54,
      93,
      67,
      54,
      54,
      42,
      507,
      54,
      54,
      153,
      89,
      54,
      167,
      1324,
      1142,
      54,
      54,
      89,
      54,
      42,
      42,
      42,
      148,
      54,
      42,
      55,
      66,
      46,
      42,
      46,
      42,
      42,
      54,
      103,
      123
    ],