{
  "analysis_id": "analysis_20260319_104219",
  "timestamp": "2026-03-19T10:42:19.291500",
  "statistics": {
    "total_packets": 307,
    "total_bytes": 169793,
    "start_time": 1773895339.247103,
    "end_time": 1773895339.2875378,
    "unique_ips": [
      "20.189.173.4",
      "18.67.233.68",
      "13.107.137.11",
      "fe80::10cb:eaf3:8d1a:5cbd",
      "192.168.0.1",
      "172.67.75.33",
      "192.168.0.105",
      "140.82.114.25",
      "192.168.0.100",
      "192.168.0.104",
      "192.168.0.113",
      "151.101.2.137",
      "52.104.49.55",
      "192.168.0.107",
      "142.250.182.68",
      "239.255.255.250",
      "52.168.117.174",
      "224.0.0.251",
      "192.168.0.102",
      "ff02::fb",
      "192.168.0.109",
      "ff02::16",
      "13.107.253.59",
      "192.168.0.108",
      "13.67.9.5",
      "192.168.0.103",
      "103.60.172.20",
      "192.168.0.106"
    ],
    "unique_domains": [
      "_companion-link._tcp.local.",
      "main.vscode-cdn.net."
    ],
    "protocol_counts": {
      "DNS": 9,
      "TCP": 263,
      "ARP": 24,
      "UDP": 8,
      "IPv6": 2,
      "IP-2": 1
    },
    "port_counts": {},
    "packet_sizes": [
      79,
      79,
      294,
      251,
      66,
      66,
      54,
      1324,
      912,
      54,
      54,
      54,
      153,
      996,
      335,
      128,
      146,
      327,
      54,
      125,
      85,
      1324,
      54,
      1324,
      54,
      1324,
      54,
      1324,
      66,
      1324,
      54,
      1324,
      54,
      1324,
      1324,
      54,
      1324,
      1324,
      54,
      1324,
      1324,
      54,
      1324,
      1324,
      1324,
      54,
      1324,
      54,
      1324,
      1324,
      1324,
      1324,
      54,
      1324,
      1324,
      54,
      1324,
      1324,
      54,
      1324,
      1324,
      54,
      1324,
      1324,
      66,
      1324,
      54,
      1324,
      1324,
      54,
      1324,
      1324,
      1324,
      1324,
      1324,
      66,
      1324,
      1324,
      54,
      1324,
      1324,
      1324,
      54,
      1324,
      54,
      1324,
      1324,
      54,
      1324,
      1324,
      54,
      1324,
      1324,
      54,
      1324,
      1324,
      54,
      1324,
      1324,
      54,
      1324,
      1324,
      54,
      1324,
      1324,
      54,
      1324,
      190,
      54,
      42,
      42,
      71,
      85,
      66,
      1324,
      1324,
      190,
      1324,
      575,
      54,
      54,
      66,
      66,
      54,
      574,
      54,
      54,
      66,
      54,
      1324,
      1324,
      1324,
      66,
      1324,
      1324,
      54,
      1324,
      1324,
      66,
      1324,
      54,
      597,
      212,
      66,
      54,
      266,
      54,
      54,
      396,
      1324,
      1324,
      195,
      1324,
      1318,
      54,
      54,
      42,
      1324,
      1324,
      54,
      1324,
      1324,
      54,
      1324,
      1324,
      54,
      597,
      212,
      396,
      1324,
      1324,
      195,
      1324,
      841,
      54,
      54,
      54,
      54,
      1324,
      1324,
      66,
      1324,
      441,
      54,
      888,
      1324,
      1324,
      54,
      451,
      431,
      431,
      66,
      54,
      1324,
      1324,
      434,
      54,
      1324,
      1324,
      223,
      54,
      54,
      1324,
      1324,
      54,
      1324,
      1324,
      54,
      1324,
      1324,
      54,
      1170,
      1170,
      66,
      169,
      93,
      1324,
      1256,
      54,
      54,
      42,
      93,
      54,
      153,
      89,
      54,
      167,
      1324,
      1142,
      54,
      54,
      153,
      54,
      42,
      42,
      78,
      42,
      42,
      42,
      55,
      66,
      42,
      42,
      54,
      90,
      46,
      100,
      100,
      120,
      42,
      42,
      90,
      100,
      120,
      42,
      42,
      42,
      42,
      42,
      66,
      79,
      83,
      54,
      66,
      54,
      285,
      54,
      54,
      1324,
      1324,
      54,
      1324,
      1324,
      54,
      1254,
      54,
      212,
      54,
      105,
      54,
      1190,
      1324,
      411,
      54,
      54,
      507,
      54,
      42,
      313,
      377,
      381,
      42,
      373,
      42,
      54,
      42,
      55,
      66,
      55,
      66,
      55,
      66,
      42,
      42,
      71,
      66,
      54
    ],