{
  "analysis_id": "analysis_20260319_074043",
  "timestamp": "2026-03-19T07:40:43.754341",
  "statistics": {
    "total_packets": 317,
    "total_bytes": 140570,
    "start_time": 1773884443.700585,
    "end_time": 1773884443.7519693,
    "unique_ips": [
      "52.104.49.55",
      "192.168.0.104",
      "224.0.0.251",
      "104.208.16.89",
      "172.253.118.188",
      "fe80::44bf:a4ff:fe66:a68d",
      "224.0.0.252",
      "192.168.0.105",
      "138.91.182.224",
      "192.168.0.100",
      "103.60.172.20",
      "142.250.206.14",
      "13.107.137.11",
      "52.168.117.170",
      "192.168.0.113",
      "192.168.0.107",
      "20.44.229.112",
      "239.255.255.250",
      "8.8.4.4",
      "20.189.172.73",
      "142.250.182.68",
      "192.168.0.106",
      "ff02::fb",
      "192.168.0.103",
      "192.168.0.255",
      "192.168.0.111",
      "192.168.0.102",
      "140.82.114.25",
      "192.168.0.109",
      "192.168.0.101",
      "140.82.112.21",
      "142.250.206.46",
      "13.69.116.104",
      "18.97.36.46",
      "192.168.0.108",
      "13.67.9.5",
      "20.42.73.25",
      "192.168.0.1"
    ],
    "unique_domains": [
      "mobile.events.data.microsoft.com.",
      "_googlecast._tcp.local.",
      "westus-0.in.applicationinsights.azure.com."
    ],
    "protocol_counts": {
      "IP-2": 3,
      "UDP": 49,
      "TCP": 235,
      "ARP": 22,
      "DNS": 8
    },
    "port_counts": {},
    "packet_sizes": [
      46,
      254,
      254,
      254,
      70,
      622,
      65,
      551,
      65,
      65,
      77,
      77,
      75,
      1292,
      1292,
      1292,
      121,
      82,
      82,
      67,
      65,
      1292,
      65,
      1292,
      1292,
      324,
      994,
      120,
      73,
      1288,
      1077,
      67,
      162,
      71,
      67,
      74,
      138,
      75,
      752,
      78,
      66,
      1324,
      1324,
      190,
      1281,
      54,
      54,
      66,
      66,
      54,
      574,
      66,
      54,
      54,
      1324,
      1324,
      1324,
      54,
      1324,
      1324,
      66,
      54,
      1324,
      1324,
      597,
      54,
      66,
      54,
      574,
      54,
      54,
      212,
      1324,
      1324,
      1324,
      54,
      1324,
      1324,
      54,
      1324,
      54,
      597,
      396,
      1324,
      1324,
      195,
      1324,
      1306,
      54,
      54,
      212,
      396,
      1324,
      1324,
      195,
      1324,
      722,
      54,
      54,
      54,
      54,
      1324,
      1324,
      431,
      54,
      46,
      78,
      1324,
      1083,
      54,
      699,
      54,
      370,
      1324,
      1324,
      434,
      54,
      1324,
      1324,
      222,
      54,
      54,
      46,
      1324,
      1324,
      1324,
      1324,
      54,
      1324,
      1324,
      54,
      1146,
      1146,
      66,
      55,
      1324,
      1324,
      197,
      1324,
      890,
      54,
      54,
      42,
      54,
      1324,
      1324,
      442,
      54,
      1324,
      1324,
      222,
      54,
      54,
      1324,
      1324,
      1324,
      1254,
      54,
      42,
      42,
      55,
      66,
      42,
      42,
      80,
      84,
      54,
      112,
      71,
      42,
      42,
      71,
      69,
      78,
      42,
      1190,
      1324,
      467,
      54,
      54,
      54,
      54,
      507,
      54,
      71,
      66,
      66,
      66,
      54,
      1324,
      715,
      54,
      54,
      54,
      153,
      831,
      1324,
      1324,
      1324,
      1324,
      1324,
      1324,
      828,
      66,
      54,
      128,
      888,
      54,
      157,
      451,
      54,
      42,
      42,
      78,
      92,
      92,
      280,
      219,
      66,
      66,
      54,
      1324,
      621,
      54,
      54,
      54,
      153,
      737,
      54,
      1324,
      1324,
      54,
      1324,
      1324,
      1324,
      72,
      54,
      128,
      146,
      497,
      1324,
      1238,
      54,
      54,
      54,
      157,
      116,
      54,
      85,
      85,
      54,
      54,
      335,
      54,
      371,
      1324,
      1142,
      54,
      42,
      54,
      153,
      54,
      55,
      42,
      152,
      172,
      42,
      42,
      42,
      42,
      42,
      54,
      54,
      54,
      54,
      54,
      54,
      54,
      54,
      77,
      75,
      54,
      42,
      55,
      66,
      42,
      42,
      42,
      54,
      54,
      101,
      274,
      66,
      66,
      54,
      571,
      54,
      54,
      153,
      500,
      54,
      1324,
      1324,
      54,
      1324,
      655,
      54,
      829,
      54,
      157,
      54,
      430,
      54,
      78,
      54,
      54,
      42
    ],