{
  "analysis_id": "analysis_20260319_075949",
  "timestamp": "2026-03-19T07:59:49.155000",
  "statistics": {
    "total_packets": 332,
    "total_bytes": 132384,
    "start_time": 1773885589.08409,
    "end_time": 1773885589.1520832,
    "unique_ips": [
      "192.168.0.255",
      "192.168.0.105",
      "ff02::fb",
      "192.168.0.100",
      "142.251.221.99",
      "142.250.182.67",
      "52.104.49.55",
      "fe80::c43:d5ec:c75c:7716",
      "192.168.0.104",
      "13.67.9.5",
      "18.67.233.108",
      "239.255.255.250",
      "138.91.182.224",
      "192.168.0.109",
      "192.168.0.108",
      "ff02::16",
      "13.107.137.11",
      "140.82.114.22",
      "140.82.113.26",
      "3.173.21.63",
      "192.168.0.102",
      "98.70.192.224",
      "192.168.0.107",
      "18.97.36.46",
      "192.168.0.111",
      "8.8.4.4",
      "192.168.0.103",
      "20.42.65.90",
      "4.213.25.242",
      "8.8.8.8",
      "224.0.0.251",
      "fe80::c0d5:a3ff:fe77:c108",
      "192.168.0.1",
      "104.26.8.123",
      "13.69.116.105",
      "142.251.154.119",
      "192.168.0.113",
      "192.168.0.106",
      "142.250.205.142",
      "151.101.2.137",
      "142.250.206.46"
    ],
    "unique_domains": [
      "mobile.events.data.microsoft.com.",
      "_googlecast._tcp.local.",
      "_companion-link._tcp.local.",
      "vscode-sync.trafficmanager.net."
    ],
    "protocol_counts": {
      "ARP": 26,
      "TCP": 205,
      "UDP": 81,
      "DNS": 17,
      "IPv6": 2,
      "IP-2": 1
    },
    "port_counts": {},
    "packet_sizes": [
      42,
      42,
      1324,
      1324,
      190,
      1281,
      66,
      66,
      66,
      1324,
      54,
      66,
      66,
      54,
      574,
      54,
      54,
      66,
      1324,
      1324,
      1324,
      1324,
      1324,
      1324,
      66,
      1324,
      597,
      54,
      212,
      66,
      54,
      266,
      54,
      54,
      42,
      396,
      1324,
      1324,
      54,
      1324,
      1324,
      1324,
      1324,
      597,
      54,
      1324,
      1324,
      195,
      1324,
      1051,
      212,
      54,
      54,
      396,
      1324,
      1324,
      195,
      1324,
      722,
      54,
      54,
      1324,
      1324,
      54,
      426,
      54,
      54,
      426,
      66,
      54,
      55,
      66,
      1324,
      1324,
      430,
      54,
      42,
      55,
      66,
      1324,
      1324,
      198,
      1324,
      1324,
      85,
      54,
      54,
      54,
      55,
      55,
      66,
      66,
      1324,
      1324,
      431,
      54,
      42,
      80,
      84,
      54,
      313,
      325,
      385,
      301,
      349,
      321,
      379,
      377,
      381,
      373,
      42,
      42,
      54,
      54,
      54,
      54,
      54,
      54,
      488,
      508,
      1324,
      1324,
      54,
      435,
      1324,
      66,
      1324,
      1324,
      222,
      54,
      71,
      54,
      67,
      1190,
      1324,
      464,
      54,
      1324,
      1324,
      1324,
      54,
      1324,
      1324,
      54,
      1324,
      54,
      1324,
      1148,
      66,
      54,
      1148,
      66,
      507,
      54,
      42,
      55,
      66,
      1324,
      1324,
      195,
      1324,
      890,
      54,
      54,
      71,
      54,
      66,
      1324,
      1250,
      539,
      54,
      55,
      66,
      42,
      42,
      1324,
      1324,
      222,
      54,
      54,
      1324,
      1324,
      54,
      1324,
      1256,
      54,
      292,
      54,
      172,
      54,
      103,
      123,
      42,
      42,
      252,
      251,
      252,
      42,
      70,
      622,
      64,
      571,
      64,
      65,
      77,
      77,
      75,
      71,
      71,
      67,
      65,
      65,
      65,
      42,
      55,
      66,
      90,
      46,
      100,
      120,
      42,
      71,
      100,
      71,
      66,
      67,
      1190,
      1324,
      336,
      54,
      54,
      507,
      54,
      42,
      55,
      66,
      90,
      90,
      888,
      329,
      275,
      451,
      54,
      54,
      54,
      54,
      54,
      54,
      54,
      54,
      54,
      54,
      90,
      78,
      54,
      54,
      148,
      69,
      74,
      157,
      64,
      77,
      157,
      75,
      54,
      54,
      66,
      54,
      54,
      100,
      120,
      92,
      92,
      167,
      93,
      1324,
      1142,
      54,
      54,
      256,
      212,
      93,
      54,
      77,
      76,
      42,
      148,
      89,
      71,
      54,
      67,
      42,
      71,
      71,
      67,
      67,
      42,
      42,
      42,
      42,
      42,
      370,
      42,
      1292,
      1292,
      1292,
      120,
      82,
      82,
      1292,
      1292,
      1292,
      318,
      994,
      67,
      1292,
      73,
      1288,
      1292,
      116,
      162,
      71,
      67,
      67,
      73,
      42,
      42,
      296,
      75,
      767,
      78,
      66
    ],