{
  "analysis_id": "analysis_20260319_102053",
  "timestamp": "2026-03-19T10:20:53.924201",
  "statistics": {
    "total_packets": 319,
    "total_bytes": 131049,
    "start_time": 1773894053.8865411,
    "end_time": 1773894053.9214952,
    "unique_ips": [
      "192.168.0.106",
      "192.168.0.100",
      "192.168.0.109",
      "103.60.172.20",
      "224.0.0.251",
      "52.104.49.55",
      "ff02::fb",
      "51.104.15.252",
      "20.189.173.4",
      "13.67.9.5",
      "192.168.0.103",
      "4.213.25.242",
      "fe80::c43:d5ec:c75c:7716",
      "3.173.21.63",
      "20.44.229.112",
      "142.251.156.119",
      "142.250.205.142",
      "140.82.112.25",
      "192.168.0.108",
      "192.168.0.1",
      "172.253.118.188",
      "192.168.0.113",
      "140.82.114.22",
      "13.107.137.11",
      "192.168.0.105",
      "8.8.8.8",
      "192.168.0.104",
      "192.168.0.107",
      "18.97.36.54",
      "4.213.25.240",
      "104.18.39.21",
      "fe80::10cb:eaf3:8d1a:5cbd",
      "142.250.182.68",
      "192.168.0.102"
    ],
    "unique_domains": [
      "vscode-sync.trafficmanager.net.",
      "mobile.events.data.microsoft.com.",
      "_companion-link._tcp.local."
    ],
    "protocol_counts": {
      "ARP": 22,
      "TCP": 227,
      "UDP": 54,
      "DNS": 15,
      "IP-2": 1
    },
    "port_counts": {},
    "packet_sizes": [
      42,
      1324,
      1324,
      190,
      1210,
      54,
      54,
      1324,
      1324,
      195,
      1324,
      722,
      54,
      54,
      54,
      1292,
      1292,
      122,
      82,
      1292,
      1292,
      329,
      994,
      120,
      73,
      1288,
      1292,
      90,
      67,
      162,
      71,
      67,
      67,
      73,
      42,
      1324,
      1324,
      429,
      54,
      753,
      76,
      188,
      77,
      74,
      66,
      71,
      69,
      1190,
      1324,
      509,
      54,
      54,
      1324,
      1324,
      198,
      1324,
      1303,
      54,
      54,
      1324,
      1324,
      1324,
      434,
      507,
      66,
      54,
      54,
      54,
      1190,
      1324,
      337,
      54,
      54,
      507,
      54,
      1324,
      1324,
      66,
      1324,
      181,
      337,
      337,
      66,
      42,
      1324,
      1324,
      223,
      54,
      54,
      90,
      90,
      1324,
      1324,
      1324,
      54,
      1324,
      1324,
      1324,
      1324,
      1140,
      66,
      54,
      281,
      341,
      66,
      66,
      54,
      1324,
      619,
      54,
      54,
      54,
      153,
      153,
      66,
      735,
      1324,
      1324,
      1324,
      54,
      1324,
      54,
      1324,
      828,
      54,
      128,
      888,
      54,
      157,
      157,
      66,
      451,
      54,
      42,
      1324,
      1324,
      195,
      1324,
      890,
      54,
      54,
      54,
      92,
      92,
      46,
      100,
      120,
      216,
      276,
      66,
      66,
      54,
      1324,
      653,
      54,
      54,
      54,
      1324,
      1324,
      443,
      54,
      54,
      54,
      78,
      82,
      1324,
      1324,
      222,
      54,
      153,
      769,
      54,
      54,
      54,
      1324,
      1324,
      54,
      1324,
      1324,
      54,
      1324,
      71,
      54,
      128,
      146,
      497,
      1324,
      1256,
      54,
      54,
      1324,
      1324,
      54,
      1324,
      1324,
      66,
      1254,
      54,
      54,
      157,
      116,
      54,
      85,
      85,
      54,
      78,
      82,
      54,
      54,
      335,
      54,
      335,
      66,
      100,
      120,
      371,
      1324,
      1142,
      54,
      54,
      153,
      54,
      42,
      42,
      42,
      42,
      42,
      54,
      54,
      85,
      54,
      54,
      54,
      85,
      54,
      54,
      54,
      54,
      85,
      54,
      54,
      85,
      100,
      120,
      85,
      100,
      55,
      66,
      1190,
      1324,
      336,
      42,
      54,
      54,
      108,
      54,
      507,
      54,
      85,
      55,
      66,
      42,
      71,
      66,
      54,
      54,
      42,
      85,
      42,
      42,
      42,
      42,
      42,
      42,
      55,
      66,
      42,
      42,
      54,
      54,
      78,
      82,
      54,
      55,
      66,
      1292,
      1292,
      1292,
      118,
      303,
      259,
      82,
      82,
      1292,
      1292,
      1292,
      323,
      976,
      67,
      120,
      550,
      64,
      73,
      73,
      162,
      767,
      78,
      71,
      65,
      69,
      54,
      54,
      42,
      93,
      54,
      54,
      54,
      54,
      42
    ],