{
  "analysis_id": "analysis_20260319_104645",
  "timestamp": "2026-03-19T10:46:45.935517",
  "statistics": {
    "total_packets": 231,
    "total_bytes": 90311,
    "start_time": 1773895605.5107062,
    "end_time": 1773895605.7928383,
    "unique_ips": [
      "192.168.0.101",
      "224.0.0.251",
      "fe80::c43:d5ec:c75c:7716",
      "142.250.182.68",
      "192.168.0.107",
      "192.168.0.105",
      "192.168.0.102",
      "140.82.113.22",
      "52.168.112.67",
      "192.168.0.1",
      "40.79.167.8",
      "192.168.0.100",
      "192.168.0.108",
      "20.189.173.23",
      "18.97.36.63",
      "13.107.137.11",
      "142.250.205.142",
      "13.67.9.5",
      "192.168.0.106",
      "4.213.25.240",
      "4.237.22.41",
      "192.168.0.111",
      "192.168.0.104",
      "103.60.172.20",
      "20.44.229.112",
      "ff02::fb",
      "192.168.0.109",
      "ff02::16"
    ],
    "unique_domains": [
      "_companion-link._tcp.local.",
      "api.individual.githubcopilot.com."
    ],
    "protocol_counts": {
      "TCP": 185,
      "ARP": 19,
      "UDP": 14,
      "IPv6": 1,
      "IP-2": 1,
      "DNS": 11
    },
    "port_counts": {},
    "packet_sizes": [
      54,
      54,
      54,
      54,
      1324,
      1324,
      193,
      1324,
      1324,
      1324,
      1324,
      1324,
      1040,
      54,
      54,
      54,
      54,
      1324,
      1324,
      198,
      1324,
      722,
      54,
      66,
      66,
      54,
      42,
      1324,
      74,
      71,
      69,
      1324,
      54,
      1324,
      1324,
      440,
      54,
      1324,
      1324,
      198,
      1324,
      1318,
      66,
      66,
      66,
      1324,
      66,
      54,
      1324,
      1324,
      443,
      54,
      1288,
      656,
      42,
      42,
      69,
      74,
      1324,
      1324,
      433,
      54,
      476,
      193,
      77,
      888,
      66,
      54,
      451,
      54,
      78,
      42,
      168,
      93,
      1324,
      1256,
      54,
      54,
      93,
      54,
      153,
      89,
      54,
      167,
      1324,
      1142,
      54,
      54,
      153,
      54,
      90,
      46,
      100,
      120,
      100,
      55,
      66,
      42,
      42,
      42,
      42,
      42,
      42,
      78,
      78,
      66,
      82,
      54,
      42,
      42,
      42,
      78,
      167,
      93,
      1324,
      1324,
      94,
      54,
      54,
      100,
      54,
      93,
      54,
      120,
      149,
      149,
      66,
      89,
      42,
      54,
      100,
      120,
      1190,
      1324,
      410,
      54,
      42,
      507,
      507,
      507,
      507,
      66,
      66,
      66,
      42,
      42,
      42,
      54,
      54,
      97,
      92,
      92,
      228,
      257,
      186,
      66,
      54,
      228,
      66,
      66,
      66,
      54,
      1324,
      701,
      54,
      54,
      54,
      66,
      54,
      1324,
      637,
      54,
      54,
      54,
      1324,
      1324,
      54,
      1324,
      340,
      54,
      1324,
      656,
      54,
      118,
      146,
      1324,
      204,
      54,
      54,
      1324,
      1324,
      54,
      1324,
      340,
      54,
      1324,
      656,
      54,
      133,
      133,
      118,
      54,
      118,
      85,
      54,
      54,
      42,
      491,
      491,
      66,
      133,
      133,
      54,
      71,
      69,
      1324,
      1324,
      198,
      1324,
      1324,
      206,
      54,
      54,
      54,
      71,
      69,
      1324,
      1324,
      54,
      441,
      441
    ],
    "inter_arrival_times": [
      0.10478806495666504,
      0.31056809425354004,
      0.00020503997802734375,
      0.4252769947052002,
      0.0,
      0.0,
      0.0008268356323242188,
      0.0,
      0.0,
      0.0,
      0.0,
      0.0,
      0.020849943161010742,
      0.0,
      0.0034601688385009766,
      0.0006878376007080078,
      0.10466217994689941,
      0.0,
      0.0,
      0.0003628730773925781,
      0.0,
      0.007086992263793945,
      0.0,
      0.0,
      0.013940095901489258,
      0.025264978408813477,
      0.08134293556213379,
      0.005593061447143555,
      0.1660289764404297,
      0.06227898597717285,
      0.07833409309387207,
      0.016302824020385742,
      0.01536107063293457,
      0.00039196014404296875,
      0.0,
      0.0001270771026611328,
      0.1805400848388672,
      0.0,
      0.0,
      0.0003390312194824219,
      0.0,
      0.007960796356201172,
      0.0002701282501220703,
      0.0,
      0.00010204315185546875,
      0.0001628398895263672,
      0.01122903823852539,
      0.26303911209106445,
      0.0,
      0.0,
      0.0001800060272216797,
      0.004890918731689453,
      0.00033211708068847656,
      0.026835918426513672,
      0.0,
      0.020047903060913086,
      0.029647111892700195,
      0.10689091682434082,
      0.0001380443572998047,
      0.0,
      4.00543212890625e-05,
      0.1702580451965332,
      0.004604816436767578,
      0.00030517578125,
      0.003609895706176758,
      0.07026100158691406,
      0.04947304725646973,
      0.0052988529205322266,
      0.04291510581970215,
      0.34998106956481934,
      0.17028284072875977,
      0.6431050300598145,
      0.0003330707550048828,
      0.00016999244689941406,
      0.0,
      0.004712104797363281,
      0.0,
      0.1372988224029541,
      0.05425095558166504,
      0.19353103637695312,
      0.002753019332885742,
      0.11353707313537598,
      0.33173298835754395,
      0.0001308917999267578,
      0.0,
      0.0048961639404296875,
      0.12488102912902832,
      0.01529693603515625,
      0.05096101760864258,
      0.6780679225921631,
      0.0,
      0.0,
      0.10306215286254883,
      0.9215607643127441,
      1.985518217086792,
      0.07079291343688965,
      1.5273489952087402,
      0.0,
      1.0252718925476074,
      2.0465710163116455,
      0.9218711853027344,
      0.0,
      0.72928786277771,
      0.0,
      0.00016808509826660156,
      0.0005970001220703125,
      0.19201302528381348,
      3.173386812210083,
      0.0,
      0.9221210479736328,
      0.405811071395874,
      0.1002190113067627,
      0.0009090900421142578,
      0.000186920166015625,
      0.0,
      0.0,
      0.004703044891357422,
      0.0019779205322265625,
      0.20255088806152344,
      0.0016260147094726562,
      0.0,
      0.04655814170837402,
      0.05465292930603027,
      0.09435105323791504,
      0.0,
      5.888938903808594e-05,
      0.0011692047119140625,
      0.10930085182189941,
      0.029964923858642578,
      0.6863760948181152,
      0.0,
      0.11527395248413086,
      0.0002701282501220703,
      0.0,
      0.010896921157836914,
      0.18153810501098633,
      0.16514182090759277,
      0.0,
      0.0,
      0.0,
      0.0002410411834716797,
      0.00024008750915527344,
      0.00012993812561035156,
      0.8575959205627441,
      0.9219310283660889,
      1.0236961841583252,
      1.4449098110198975,
      0.0001289844512939453,
      0.35140514373779297,
      0.1307239532470703,
      0.002213001251220703,
      0.0004620552062988281,
      0.0045549869537353516,
      0.0,
      0.0018699169158935547,
      0.0479280948638916,
      0.0008640289306640625,
      5.3882598876953125e-05,
      0.20229101181030273,
      0.019865036010742188,
      0.0002238750457763672,
      0.002493143081665039,
      0.0,
      0.008224010467529297,
      0.0,
      0.0,
      0.24925589561462402,
      0.00026798248291015625,
      0.0034101009368896484,
      0.0,
      0.008380889892578125,
      0.0,
      0.0,
      0.004289150238037109,
      0.0,
      7.891654968261719e-05,
      0.00035309791564941406,
      0.0,
      8.20159912109375e-05,
      0.007473945617675781,
      0.0,
      7.295608520507812e-05,
      0.0007700920104980469,
      0.0003428459167480469,
      0.0003361701965332031,
      0.0,
